[
    {"chargeSubtotal":18.740000000000002,"chargeTotal":18.740000000000002,"shipping":{"$oid":"57734f7148403bbd2affb12e"},"payment":{"$oid":"57734f8648403bbd2affb12f"},"parent":{"$oid":"57734f6248403bbd2affb12d"},"chargeShipping":0,"chargeTax":0,"status":100,"placed":{"$date":"2016-06-29T20:59:00.894Z"},"contents":[{"quantity":7,"subproduct":{"displayPrice":"$2.25","updated":false,"stock":7,"__v":0,"title":"Ethan's Best","price":2.25,"parent":"5772c6567696a245251da93f","_id":"5772c6867696a245251da941"}},{"quantity":1,"subproduct":{"displayPrice":"$2.99","updated":true,"stock":9,"__v":0,"title":"Bunch of 6","price":2.99,"parent":"5772e15af1b995e227fee20d","_id":"5772e166f1b995e227fee20e"}}]},
    {"chargeSubtotal":19.98,"chargeTotal":19.98,"shipping":{"$oid":"57734f7148403bbd2affb12e"},"payment":{"$oid":"57734f8648403bbd2affb12f"},"parent":{"$oid":"57734f6248403bbd2affb12d"},"chargeShipping":0,"chargeTax":0,"status":100,"placed":{"$date":"2016-06-29T20:59:10.065Z"},"contents":[{"quantity":2,"subproduct":{"displayPrice":"$9.99","updated":true,"stock":12,"__v":0,"title":"Small","price":9.99,"parent":"5772c512826c582825962018","_id":"5772c60d7696a245251da93e"}}]},
    {"chargeSubtotal":250,"chargeTotal":250,"shipping":{"$oid":"57734f7148403bbd2affb12e"},"payment":{"$oid":"57734f8648403bbd2affb12f"},"parent":{"$oid":"57734f6248403bbd2affb12d"},"chargeShipping":0,"chargeTax":0,"status":100,"placed":{"$date":"2016-06-29T20:59:17.172Z"},"contents":[{"quantity":1,"subproduct":{"displayPrice":"$250.00","updated":true,"stock":37,"__v":0,"title":"5 pack","price":250,"parent":"5772c6567696a245251da93f","_id":"5772c68e7696a245251da942"}}]},
    {"chargeSubtotal":24.240000000000002,"chargeTotal":24.240000000000002,"shipping":{"$oid":"57734f7148403bbd2affb12e"},"payment":{"$oid":"57734f8648403bbd2affb12f"},"parent":{"$oid":"57734f6248403bbd2affb12d"},"chargeShipping":0,"chargeTax":0,"status":100,"placed":{"$date":"2016-06-29T20:59:28.329Z"},"contents":[{"quantity":1,"subproduct":{"displayPrice":"$14.25","updated":true,"stock":8,"__v":0,"title":"Child size","price":14.25,"parent":"5772e15af1b995e227fee20d","_id":"5772e166f1b995e227fee20e"}},{"quantity":1,"subproduct":{"displayPrice":"$9.99","updated":true,"stock":10,"__v":0,"title":"Small","price":9.99,"parent":"5772c512826c582825962018","_id":"5772c60d7696a245251da93e"}}]}
]